metric_name,condition,subject_id,split,value,seed,checkpoint
retrieval/top1,correct,sub-01,test,0.005,42,outputs\exp01_raw_train_independent_trials_eeg_to_clip\checkpoints\best.pt
retrieval/top5,correct,sub-01,test,0.02,42,outputs\exp01_raw_train_independent_trials_eeg_to_clip\checkpoints\best.pt
retrieval/top10,correct,sub-01,test,0.055,42,outputs\exp01_raw_train_independent_trials_eeg_to_clip\checkpoints\best.pt
retrieval/mean_rank,correct,sub-01,test,93.005,42,outputs\exp01_raw_train_independent_trials_eeg_to_clip\checkpoints\best.pt
retrieval/median_rank,correct,sub-01,test,93.0,42,outputs\exp01_raw_train_independent_trials_eeg_to_clip\checkpoints\best.pt
retrieval/mean_cosine,correct,sub-01,test,0.617160439491272,42,outputs\exp01_raw_train_independent_trials_eeg_to_clip\checkpoints\best.pt
embedding/mse,correct,sub-01,test,0.48911056809485226,42,outputs\exp01_raw_train_independent_trials_eeg_to_clip\checkpoints\best.pt
embedding/mae,correct,sub-01,test,0.5368656212883017,42,outputs\exp01_raw_train_independent_trials_eeg_to_clip\checkpoints\best.pt
embedding/mean_cosine,correct,sub-01,test,0.6171604074608003,42,outputs\exp01_raw_train_independent_trials_eeg_to_clip\checkpoints\best.pt
embedding/mean_pearson,correct,sub-01,test,0.03791721621855955,42,outputs\exp01_raw_train_independent_trials_eeg_to_clip\checkpoints\best.pt
retrieval/top1,correct,all,test,0.005,42,outputs\exp01_raw_train_independent_trials_eeg_to_clip\checkpoints\best.pt
retrieval/top5,correct,all,test,0.02,42,outputs\exp01_raw_train_independent_trials_eeg_to_clip\checkpoints\best.pt
retrieval/top10,correct,all,test,0.055,42,outputs\exp01_raw_train_independent_trials_eeg_to_clip\checkpoints\best.pt
retrieval/mean_rank,correct,all,test,93.005,42,outputs\exp01_raw_train_independent_trials_eeg_to_clip\checkpoints\best.pt
retrieval/median_rank,correct,all,test,93.0,42,outputs\exp01_raw_train_independent_trials_eeg_to_clip\checkpoints\best.pt
retrieval/mean_cosine,correct,all,test,0.617160439491272,42,outputs\exp01_raw_train_independent_trials_eeg_to_clip\checkpoints\best.pt
retrieval/top1,permuted,sub-01,test,0.005,42,outputs\exp01_raw_train_independent_trials_eeg_to_clip\checkpoints\best.pt
retrieval/top5,permuted,sub-01,test,0.035,42,outputs\exp01_raw_train_independent_trials_eeg_to_clip\checkpoints\best.pt
retrieval/top10,permuted,sub-01,test,0.05,42,outputs\exp01_raw_train_independent_trials_eeg_to_clip\checkpoints\best.pt
retrieval/mean_rank,permuted,sub-01,test,101.885,42,outputs\exp01_raw_train_independent_trials_eeg_to_clip\checkpoints\best.pt
retrieval/median_rank,permuted,sub-01,test,99.0,42,outputs\exp01_raw_train_independent_trials_eeg_to_clip\checkpoints\best.pt
retrieval/mean_cosine,permuted,sub-01,test,0.6084869503974915,42,outputs\exp01_raw_train_independent_trials_eeg_to_clip\checkpoints\best.pt
embedding/mse,permuted,sub-01,test,0.49955854818617484,42,outputs\exp01_raw_train_independent_trials_eeg_to_clip\checkpoints\best.pt
embedding/mae,permuted,sub-01,test,0.5430540799618355,42,outputs\exp01_raw_train_independent_trials_eeg_to_clip\checkpoints\best.pt
embedding/mean_cosine,permuted,sub-01,test,0.6084869981036536,42,outputs\exp01_raw_train_independent_trials_eeg_to_clip\checkpoints\best.pt
embedding/mean_pearson,permuted,sub-01,test,-0.004713727221892799,42,outputs\exp01_raw_train_independent_trials_eeg_to_clip\checkpoints\best.pt
retrieval/top1,permuted,all,test,0.005,42,outputs\exp01_raw_train_independent_trials_eeg_to_clip\checkpoints\best.pt
retrieval/top5,permuted,all,test,0.035,42,outputs\exp01_raw_train_independent_trials_eeg_to_clip\checkpoints\best.pt
retrieval/top10,permuted,all,test,0.05,42,outputs\exp01_raw_train_independent_trials_eeg_to_clip\checkpoints\best.pt
retrieval/mean_rank,permuted,all,test,101.885,42,outputs\exp01_raw_train_independent_trials_eeg_to_clip\checkpoints\best.pt
retrieval/median_rank,permuted,all,test,99.0,42,outputs\exp01_raw_train_independent_trials_eeg_to_clip\checkpoints\best.pt
retrieval/mean_cosine,permuted,all,test,0.6084869503974915,42,outputs\exp01_raw_train_independent_trials_eeg_to_clip\checkpoints\best.pt
retrieval/top1,zero,sub-01,test,0.005,42,outputs\exp01_raw_train_independent_trials_eeg_to_clip\checkpoints\best.pt
retrieval/top5,zero,sub-01,test,0.025,42,outputs\exp01_raw_train_independent_trials_eeg_to_clip\checkpoints\best.pt
retrieval/top10,zero,sub-01,test,0.05,42,outputs\exp01_raw_train_independent_trials_eeg_to_clip\checkpoints\best.pt
retrieval/mean_rank,zero,sub-01,test,100.5,42,outputs\exp01_raw_train_independent_trials_eeg_to_clip\checkpoints\best.pt
retrieval/median_rank,zero,sub-01,test,100.5,42,outputs\exp01_raw_train_independent_trials_eeg_to_clip\checkpoints\best.pt
retrieval/mean_cosine,zero,sub-01,test,0.542216420173645,42,outputs\exp01_raw_train_independent_trials_eeg_to_clip\checkpoints\best.pt
embedding/mse,zero,sub-01,test,0.46475456766936607,42,outputs\exp01_raw_train_independent_trials_eeg_to_clip\checkpoints\best.pt
embedding/mae,zero,sub-01,test,0.5344851120087212,42,outputs\exp01_raw_train_independent_trials_eeg_to_clip\checkpoints\best.pt
embedding/mean_cosine,zero,sub-01,test,0.5422164247150921,42,outputs\exp01_raw_train_independent_trials_eeg_to_clip\checkpoints\best.pt
embedding/mean_pearson,zero,sub-01,test,0.0,42,outputs\exp01_raw_train_independent_trials_eeg_to_clip\checkpoints\best.pt
retrieval/top1,zero,all,test,0.005,42,outputs\exp01_raw_train_independent_trials_eeg_to_clip\checkpoints\best.pt
retrieval/top5,zero,all,test,0.025,42,outputs\exp01_raw_train_independent_trials_eeg_to_clip\checkpoints\best.pt
retrieval/top10,zero,all,test,0.05,42,outputs\exp01_raw_train_independent_trials_eeg_to_clip\checkpoints\best.pt
retrieval/mean_rank,zero,all,test,100.5,42,outputs\exp01_raw_train_independent_trials_eeg_to_clip\checkpoints\best.pt
retrieval/median_rank,zero,all,test,100.5,42,outputs\exp01_raw_train_independent_trials_eeg_to_clip\checkpoints\best.pt
retrieval/mean_cosine,zero,all,test,0.542216420173645,42,outputs\exp01_raw_train_independent_trials_eeg_to_clip\checkpoints\best.pt
retrieval/top1,noise,sub-01,test,0.005,42,outputs\exp01_raw_train_independent_trials_eeg_to_clip\checkpoints\best.pt
retrieval/top5,noise,sub-01,test,0.02,42,outputs\exp01_raw_train_independent_trials_eeg_to_clip\checkpoints\best.pt
retrieval/top10,noise,sub-01,test,0.045,42,outputs\exp01_raw_train_independent_trials_eeg_to_clip\checkpoints\best.pt
retrieval/mean_rank,noise,sub-01,test,100.135,42,outputs\exp01_raw_train_independent_trials_eeg_to_clip\checkpoints\best.pt
retrieval/median_rank,noise,sub-01,test,103.0,42,outputs\exp01_raw_train_independent_trials_eeg_to_clip\checkpoints\best.pt
retrieval/mean_cosine,noise,sub-01,test,0.5701621770858765,42,outputs\exp01_raw_train_independent_trials_eeg_to_clip\checkpoints\best.pt
embedding/mse,noise,sub-01,test,0.4596339707837621,42,outputs\exp01_raw_train_independent_trials_eeg_to_clip\checkpoints\best.pt
embedding/mae,noise,sub-01,test,0.5278614042072987,42,outputs\exp01_raw_train_independent_trials_eeg_to_clip\checkpoints\best.pt
embedding/mean_cosine,noise,sub-01,test,0.5701622201358495,42,outputs\exp01_raw_train_independent_trials_eeg_to_clip\checkpoints\best.pt
embedding/mean_pearson,noise,sub-01,test,0.00010316237208001643,42,outputs\exp01_raw_train_independent_trials_eeg_to_clip\checkpoints\best.pt
retrieval/top1,noise,all,test,0.005,42,outputs\exp01_raw_train_independent_trials_eeg_to_clip\checkpoints\best.pt
retrieval/top5,noise,all,test,0.02,42,outputs\exp01_raw_train_independent_trials_eeg_to_clip\checkpoints\best.pt
retrieval/top10,noise,all,test,0.045,42,outputs\exp01_raw_train_independent_trials_eeg_to_clip\checkpoints\best.pt
retrieval/mean_rank,noise,all,test,100.135,42,outputs\exp01_raw_train_independent_trials_eeg_to_clip\checkpoints\best.pt
retrieval/median_rank,noise,all,test,103.0,42,outputs\exp01_raw_train_independent_trials_eeg_to_clip\checkpoints\best.pt
retrieval/mean_cosine,noise,all,test,0.5701621770858765,42,outputs\exp01_raw_train_independent_trials_eeg_to_clip\checkpoints\best.pt
